Timestamp,Frame_Number,Plate_Number
2026-09-26 23:55:19,1,Haij Hru
2026-09-26 23:55:22,11,Naij Wru
2026-09-26 23:55:22,12,Kaij HRU
2026-09-26 23:55:23,15,Haid hru
2026-09-26 23:55:24,16,Haid Mru
2026-09-26 23:55:26,21,MEIsu
2026-09-26 23:55:27,23,MISIsU
2026-09-26 23:55:28,25,Haij HRU
2026-09-26 23:55:28,26,LSISU
2026-09-26 23:55:28,26,Waihru
2026-09-26 23:55:30,29,Waihru
2026-09-26 23:55:30,31,Waihru
2026-09-26 23:55:31,33,Wa@mru
2026-09-26 23:55:32,35,WISIsU
2026-09-26 23:55:32,35,Wihru
2026-09-26 23:55:32,36,WSIsU
2026-09-26 23:55:33,38,WSISI
2026-09-26 23:55:33,39,WISIsU
2026-09-26 23:55:33,40,WSIUsu
2026-09-26 23:55:33,41,LISU
2026-09-26 23:55:35,45,WSIsu
2026-09-26 23:55:35,46,HSIsu
2026-09-26 23:55:35,47,WSISU
2026-09-26 23:55:36,48,WSIsu
2026-09-26 23:55:36,50,WSIsu
2026-09-26 23:55:37,52,HISISU
2026-09-26 23:55:38,54,WSISU
2026-09-26 23:55:38,56,LSIUSU
2026-09-26 23:55:40,59,LSISU
2026-09-26 23:55:41,61,645064
2026-09-26 23:55:41,62,G415 0GJ
2026-09-26 23:55:41,63,HSLUSU
2026-09-26 23:55:42,66,LSIUSU
2026-09-26 23:55:43,67,LusiVSU
2026-09-26 23:55:44,68,15450gJ
2026-09-26 23:55:45,76,4G45 0gJ
2026-09-26 23:55:46,78,LG50gJ
2026-09-26 23:55:47,79,G4s 0gJ
2026-09-26 23:55:47,81,gxs 0gJ
2026-09-26 23:55:47,82,LGXIS 06J
2026-09-26 23:55:49,88,Gxls 0gJ
2026-09-26 23:55:49,89,LGxis 06J
2026-09-26 23:55:50,90,LGus 06J
2026-09-26 23:55:51,93,AGXIS 0GJ
2026-09-26 23:55:52,97,AGXis 06J
2026-09-26 23:55:52,99,GXIs 0GJ
2026-09-26 23:55:53,100,Gxis 0g
2026-09-26 23:55:55,111,GX15 0gJ
2026-09-26 23:55:57,117,GXs 0g J
2026-09-26 23:55:57,119,[Gxs 0GJ
2026-09-26 23:55:57,120,gxis 0GJ
2026-09-26 23:55:58,122,Gxis 0GJ
2026-09-26 23:55:58,123,Lgxis 0gJ
2026-09-26 23:55:58,124,Gxis 0gJ
2026-09-26 23:55:59,125,GXs 0GJ
2026-09-26 23:55:59,126,GXs 0gJ
2026-09-26 23:55:59,126,Keo
2026-09-26 23:56:00,128,1gxis 0gJ
2026-09-26 23:56:00,131,GXis 0gJ
2026-09-26 23:56:01,132,Gxis 0gJ
2026-09-26 23:56:01,134,Gxis 0GJ
2026-09-26 23:56:03,137,UD
2026-09-26 23:56:03,137,Gxis 0GJ
2026-09-26 23:56:07,152,APOSLEQ
2026-09-26 23:56:09,158,POS JEO
2026-09-26 23:56:09,160,Pos JEO
2026-09-26 23:56:10,164,s
2026-09-26 23:56:15,181,Aros Jeo
2026-09-26 23:56:17,184,Lpos JEQ
2026-09-26 23:56:17,186,MPOS JEO
2026-09-26 23:56:18,187,Lros JEO
2026-09-26 23:56:19,190,Lnst
2026-09-26 23:56:19,191,HDA
2026-09-26 23:56:19,191,LROS JEO
2026-09-26 23:56:20,192,CRO5 JEO
2026-09-26 23:56:20,192,Lins
2026-09-26 23:56:20,193,KHOSZA
2026-09-26 23:56:21,194,Khos
2026-09-26 23:56:21,195,Lo
2026-09-26 23:56:22,196,Lns
2026-09-26 23:56:22,197,pos ed
2026-09-26 23:56:22,198,Khos
2026-09-26 23:56:23,198,Lpos JEO
2026-09-26 23:56:24,202,4h05 21
2026-09-26 23:56:25,204,Apos JEO
2026-09-26 23:56:25,205,Apos JEO
2026-09-26 23:56:26,206,Lpos aq
2026-09-26 23:56:26,207,LPo5 JEO
2026-09-26 23:56:27,208,Lpo5 JEO
2026-09-26 23:56:27,209,Kkos
2026-09-26 23:56:28,211,Lpo5 JEO
2026-09-26 23:56:28,212,@pos eq
2026-09-26 23:56:29,215,Kko5 2
2026-09-26 23:56:30,217,Kkos 2
2026-09-26 23:56:31,218,KM05 21
2026-09-26 23:56:31,218,LPos JED
2026-09-26 23:56:32,222,Kkos2
2026-09-26 23:56:34,229,L
2026-09-26 23:56:34,230,Kkos ZIk
2026-09-26 23:56:36,237,L
2026-09-26 23:56:43,266,Lozd
2026-09-26 23:56:44,270,LozFAd
2026-09-26 23:56:45,272,WozFad
2026-09-26 23:56:46,275,OKZHY
2026-09-26 23:56:46,275,Liozexd
2026-09-26 23:56:47,279,Lo_Fad
2026-09-26 23:56:48,280,WIZH
2026-09-26 23:56:48,281,FJZH
2026-09-26 23:56:49,286,FZHY
2026-09-26 23:56:50,288,ZHY
2026-09-26 23:56:51,290,FLZ
2026-09-26 23:56:51,293,FJKZHY
2026-09-26 23:56:52,296,W
2026-09-26 23:56:58,319,Leleinbd
2026-09-26 23:57:01,331,LEXGINBG
2026-09-26 23:57:04,339,18/
2026-09-26 23:57:07,345,8
2026-09-26 23:57:09,350,EY6I NBG
2026-09-26 23:57:12,369,LdpHVE
2026-09-26 23:57:13,372,LpbHVE
2026-09-26 23:57:13,375,LpeHVE
2026-09-26 23:57:16,388,LobHVE
2026-09-26 23:57:17,389,HIC
2026-09-26 23:57:17,390,LdbIHVE
2026-09-26 23:57:19,395,LyobHNE
2026-09-26 23:57:20,399,Lde HNE
2026-09-26 23:57:21,403,LVoB HVE
2026-09-26 23:57:22,407,Ldbhue
2026-09-26 23:57:23,408,Ldehila
2026-09-26 23:57:23,409,Ldphue
2026-09-26 23:57:23,410,LqbIHVE
2026-09-26 23:57:24,413,@Gesu5
2026-09-26 23:57:28,433,BGESLSU
2026-09-26 23:57:30,439,LGESUSJ
2026-09-26 23:57:30,441,BG6S US_
2026-09-26 23:57:33,448,BG6SLSU
2026-09-26 23:57:33,449,BG6S USU
2026-09-26 23:57:34,451,BG6S US J
2026-09-26 23:57:37,457,BG6S USJ
2026-09-26 23:57:38,461,8G65 US J
2026-09-26 23:57:38,462,Ges us]
2026-09-26 23:57:39,463,BG6S USJ
2026-09-26 23:57:39,464,BG6S US J
2026-09-26 23:57:40,465,IBG6S US
2026-09-26 23:57:40,467,8G6S US _
2026-09-26 23:57:41,470,bGES US
2026-09-26 23:57:44,482,H
2026-09-26 23:57:48,493,n
2026-09-26 23:57:52,504,Wsrgv
2026-09-26 23:57:57,524,DM
2026-09-26 23:57:59,528,HBM
2026-09-26 23:58:19,568,Eodz
2026-09-26 23:58:19,569,Edz
2026-09-26 23:58:21,573,enodz
2026-09-26 23:58:22,576,ndd
2026-09-26 23:58:23,577,bopz
2026-09-26 23:58:25,581,EFOpZL
2026-09-26 23:58:25,582,LAK64
2026-09-26 23:58:26,584,eNodz
2026-09-26 23:58:38,610,EFIO DZL
2026-09-26 23:58:39,612,efqdZ
2026-09-26 23:58:40,615,EFIO DZL
2026-09-26 23:58:40,616,EFIO DZT
2026-09-26 23:58:40,617,EFIO DZL
2026-09-26 23:58:41,619,EFlO ZL
2026-09-26 23:58:42,623,JEFIO DZL
2026-09-26 23:58:42,624,EFIO DZ
2026-09-26 23:58:42,625,LEFIO DZL
2026-09-26 23:58:43,629,JEFIO DZI
2026-09-26 23:58:48,663,LF6S
2026-09-26 23:58:54,682,Le5
2026-09-26 23:59:00,701,L4F65 JK
2026-09-26 23:59:01,704,LAF65 JKL
2026-09-26 23:59:03,710,GJDBE
2026-09-26 23:59:09,741,zg
2026-09-26 23:59:10,746,gjobepd
2026-09-26 23:59:11,748,GJoderd
2026-09-26 23:59:12,749,GJoderd
2026-09-26 23:59:19,760,GJos End
2026-09-26 23:59:20,761,izo
2026-09-26 23:59:22,767,G d
2026-09-26 23:59:23,767,[szq
2026-09-26 23:59:28,777,@aead
2026-09-26 23:59:29,778,6Josep0
2026-09-26 23:59:31,781,GJobepd
2026-09-26 23:59:31,783,LSEZC
2026-09-26 23:59:32,783,GJosepd
2026-09-26 23:59:32,784,6Jobepd
2026-09-26 23:59:36,791,[d
2026-09-26 23:59:38,794,[szq]
2026-09-26 23:59:38,794,GJos Epd
2026-09-26 23:59:39,795,@i5
2026-09-26 23:59:39,795,6Jos Epd
2026-09-26 23:59:40,797,6Jos epd
2026-09-26 23:59:40,798,Miszzd
2026-09-26 23:59:40,800,@oberd
2026-09-26 23:59:41,801,LMISZC
2026-09-26 23:59:41,803,6JOB EPD
2026-09-26 23:59:42,804,guoberd
2026-09-26 23:59:42,805,@obe
2026-09-26 23:59:42,806,6JOB EPd
2026-09-26 23:59:43,806,[szzq
2026-09-26 23:59:43,807,Lszq
2026-09-26 23:59:43,808,[szzq
2026-09-26 23:59:44,809,L5zg
2026-09-26 23:59:44,810,@obepd
2026-09-26 23:59:44,811,Lszg
2026-09-26 23:59:44,811,guoberd
2026-09-26 23:59:45,812,LMSZZC
2026-09-26 23:59:45,813,Lszc
2026-09-26 23:59:45,813,guobiepd
2026-09-26 23:59:45,814,[szc
2026-09-26 23:59:45,814,gobead
2026-09-26 23:59:46,815,[szzq
2026-09-26 23:59:46,815,Gobe
2026-09-26 23:59:46,816,gobeepd
2026-09-26 23:59:46,817,obend
2026-09-26 23:59:46,817,[szzq
2026-09-26 23:59:47,817,LHISZC
2026-09-26 23:59:47,819,[gobepd
2026-09-26 23:59:47,820,guobepd
2026-09-26 23:59:48,820,[szzq
2026-09-26 23:59:48,821,6JOS E
2026-09-26 23:59:48,821,[szzq
2026-09-26 23:59:48,822,[szzo
2026-09-26 23:59:48,822,gobepd
2026-09-26 23:59:48,823,Lszzc]
2026-09-26 23:59:49,824,Wszzc]
2026-09-26 23:59:50,826,[Mszzq
2026-09-26 23:59:50,826,[obepd
2026-09-26 23:59:50,826,LHISIZC
2026-09-26 23:59:50,827,Lhszg
2026-09-26 23:59:50,827,HSZZC
2026-09-26 23:59:51,828,[szzq
2026-09-26 23:59:51,828,@obepd
2026-09-26 23:59:51,829,Lhszzc
2026-09-26 23:59:51,830,Lhszq
2026-09-26 23:59:52,831,LHISIZC
2026-09-26 23:59:52,832,obepd
2026-09-26 23:59:52,833,LhISZZC
2026-09-26 23:59:53,834,Lszc
2026-09-26 23:59:53,834,gobepd
2026-09-26 23:59:53,835,[szzc
2026-09-26 23:59:54,836,Lszzc
2026-09-26 23:59:54,838,LhIsZC
2026-09-26 23:59:54,838,gJosiepd
2026-09-26 23:59:54,839,LhSZZC
2026-09-26 23:59:55,839,guoeepd
2026-09-26 23:59:55,841,[7
2026-09-26 23:59:55,842,LHISZC
2026-09-26 23:59:56,843,LHISZZC
2026-09-26 23:59:56,844,LhSZZC
2026-09-26 23:59:57,845,LHI5ZZC
2026-09-26 23:59:57,846,@NszC
2026-09-26 23:59:57,847,LHISZZC
2026-09-26 23:59:58,849,LNszC
2026-09-26 23:59:58,850,LhISEZC
2026-09-26 23:59:59,851,LHISZC
2026-09-26 23:59:59,853,LhIsZC
2026-09-27 00:00:00,855,LNszzg
2026-09-27 00:00:01,856,LNISZZC
2026-09-27 00:00:01,857,LHISZZC
2026-09-27 00:00:01,858,[7
2026-09-27 00:00:02,859,Lhis ZZC
2026-09-27 00:00:02,860,mD
2026-09-27 00:00:02,860,LhISZZC
2026-09-27 00:00:03,862,Lhszzc
2026-09-27 00:00:03,864,m
2026-09-27 00:00:04,864,LNszzc
2026-09-27 00:00:08,881,M
2026-09-27 00:00:12,890,ozqu
2026-09-27 00:00:13,893,@
2026-09-27 00:00:14,897,Qs
2026-09-27 00:00:17,903,[doptcL
2026-09-27 00:00:17,904,Mozq
2026-09-27 00:00:20,909,go
2026-09-27 00:00:21,912,150
2026-09-27 00:00:22,913,goLWW
2026-09-27 00:00:22,914,Moz
2026-09-27 00:00:26,924,Ioc
2026-09-27 00:00:28,927,doc
2026-09-27 00:00:31,934,M7
2026-09-27 00:00:32,937,H
2026-09-27 00:00:39,962,Eogb
2026-09-27 00:00:41,968,Exoglus
2026-09-27 00:00:41,970,Eogb
2026-09-27 00:00:44,979,Elo9s
2026-09-27 00:00:45,982,EogW
2026-09-27 00:00:45,984,Exosu
2026-09-27 00:00:45,986,Eog
2026-09-27 00:00:46,989,Exo9
2026-09-27 00:00:49,998,Eogs
2026-09-27 00:00:50,1002,Eogw5
2026-09-27 00:00:51,1007,Exogw
2026-09-27 00:00:51,1008,ExoW
2026-09-27 00:00:52,1010,Eogus
2026-09-27 00:00:52,1012,LEYo9WS
2026-09-27 00:00:53,1016,Eexo9W
2026-09-27 00:00:54,1017,EYOBWS
2026-09-27 00:00:56,1025,EX09 VuS]
2026-09-27 00:00:57,1030,EYo9WS
2026-09-27 00:00:57,1031,Eogus
2026-09-27 00:01:08,1135,BPEL
2026-09-27 00:01:09,1142,BPEZ
2026-09-27 00:01:11,1149,[BPGJL
2026-09-27 00:01:12,1155,BPBILTH
2026-09-27 00:01:15,1162,BP6J LYH
2026-09-27 00:01:15,1163,BPG LH
2026-09-27 00:01:17,1171,LBPE LH
2026-09-27 00:01:18,1176,LBPE
2026-09-27 00:01:25,1223,Lgesiz
2026-09-27 00:01:26,1228,Lgbs264
2026-09-27 00:01:27,1229,Ligbszr4
2026-09-27 00:01:27,1230,gesr4
2026-09-27 00:01:27,1232,gbszr4
2026-09-27 00:01:28,1235,Lgbs264
2026-09-27 00:01:28,1236,Lgesized
2026-09-27 00:01:29,1239,Wgeszr3
2026-09-27 00:01:30,1243,0gss ZFX
2026-09-27 00:01:31,1248,Lgbsize4
2026-09-27 00:01:32,1250,Ligbsizey
2026-09-27 00:01:32,1251,0gss ZFX
2026-09-27 00:01:34,1259,Lggscey
2026-09-27 00:01:36,1264,Lgeszex
2026-09-27 00:01:36,1267,Wgesizex
2026-09-27 00:01:40,1279,Lges6X
2026-09-27 00:01:41,1282,4g6s ZFX
2026-09-27 00:01:41,1284,665 2FX
2026-09-27 00:01:41,1285,Lgb5z6X
2026-09-27 00:01:43,1289,Lgbs ZFX
2026-09-27 00:01:44,1296,Lg6s ZFX
2026-09-27 00:01:46,1301,LgestzeX
2026-09-27 00:01:46,1302,LgestzeX
2026-09-27 00:01:46,1303,LgesezeX
2026-09-27 00:01:47,1305,Lges zeX
2026-09-27 00:01:47,1306,Lgesezex
2026-09-27 00:01:49,1325,eidzs
2026-09-27 00:01:49,1326,OD
2026-09-27 00:01:50,1327,CHD
2026-09-27 00:01:50,1328,CDMaipzs
2026-09-27 00:01:50,1329,QD
2026-09-27 00:01:51,1332,CHD
2026-09-27 00:01:51,1333,CD
2026-09-27 00:01:51,1334,CD
2026-09-27 00:01:52,1337,QDILL6IPZS
2026-09-27 00:01:53,1339,CDLL6IPZS
2026-09-27 00:01:53,1340,GDLLGIPZS
2026-09-27 00:01:54,1343,CD
2026-09-27 00:01:54,1344,QIDLLGIPZS
2026-09-27 00:01:55,1345,LLSIPZS
2026-09-27 00:01:55,1346,D
2026-09-27 00:01:55,1347,LL6IPZS
2026-09-27 00:02:01,1374,Mb4ogd
2026-09-27 00:02:03,1382,M64oq]
2026-09-27 00:02:06,1394,LPLL
2026-09-27 00:02:07,1396,N6og
2026-09-27 00:02:09,1401,M6o]
2026-09-27 00:02:09,1402,LPLL
2026-09-27 00:02:10,1403,LPLL]
2026-09-27 00:02:10,1404,LPL
2026-09-27 00:02:11,1405,LPLL
2026-09-27 00:02:13,1413,LPILI
2026-09-27 00:02:16,1420,LPILJ
2026-09-27 00:02:16,1421,LPILJA
2026-09-27 00:02:17,1425,LPLLL
2026-09-27 00:02:17,1427,LPLL
2026-09-27 00:02:18,1428,LPUL
2026-09-27 00:02:18,1429,LPUL
2026-09-27 00:02:18,1430,LPH
2026-09-27 00:02:18,1431,LPIL
2026-09-27 00:02:19,1433,LPUL
2026-09-27 00:02:19,1434,LPLL
2026-09-27 00:02:19,1437,LPIL
2026-09-27 00:02:20,1438,LPILJ
2026-09-27 00:02:20,1440,LPHD
2026-09-27 00:02:20,1442,LPLLJ
2026-09-27 00:02:21,1444,PLLJ
2026-09-27 00:02:21,1446,LPLLA
2026-09-27 00:02:22,1447,LPELJ
2026-09-27 00:02:23,1451,LPLLII
2026-09-27 00:02:23,1452,LPLL
2026-09-27 00:02:36,1566,(HK52 PF
2026-09-27 00:02:36,1567,(452 APF
2026-09-27 00:02:37,1570,(4K52 BPF
2026-09-27 00:02:45,1643,cegh
2026-09-27 00:02:46,1649,Icegi
2026-09-27 00:02:49,1670,cEBLL
2026-09-27 00:02:50,1674,cebLL
2026-09-27 00:02:50,1675,LcEBIL
2026-09-27 00:02:51,1679,LcEBIYL
2026-09-27 00:02:53,1684,CEEIC
2026-09-27 00:02:55,1696,@eeI
2026-09-27 00:03:00,1713,ceb
2026-09-27 00:03:02,1717,ceeiUL
2026-09-27 00:03:02,1718,cebiu
2026-09-27 00:03:02,1719,H
2026-09-27 00:03:02,1719,ceeiWL
2026-09-27 00:03:04,1724,cebw
2026-09-27 00:03:04,1725,cebil
2026-09-27 00:03:04,1727,cebiw
2026-09-27 00:03:07,1735,@ebi
2026-09-27 00:03:08,1740,LcESILYL
2026-09-27 00:03:09,1742,cEBIL
2026-09-27 00:03:11,1748,cebi
2026-09-27 00:03:11,1749,ceb
2026-09-27 00:03:12,1752,cebi
2026-09-27 00:03:12,1753,cebil
2026-09-27 00:03:13,1756,HH
2026-09-27 00:03:13,1757,Etn
2026-09-27 00:03:14,1763,Lq
2026-09-27 00:03:15,1764,E
2026-09-27 00:03:22,1789,Ecn
2026-09-27 00:03:22,1791,Ecsb1
2026-09-27 00:03:24,1797,Ksbn
2026-09-27 00:03:24,1798,4
